Protein	Protein ID	Entry Name	Gene	Length	Is Decoy	Is Contaminant	Organism	Protein Description	Protein Existence	Coverage	Protein Probability	Top Peptide Probability	Protein Qvalue	Total Peptides	Unique Peptides	Razor Peptides	Total Spectral Count	Unique Spectral Count	Razor Spectral Count	Total Intensity	Unique Intensity	Razor Intensity	Razor Assigned Modifications	Razor Observed Modifications	Indistinguishable Proteins
contam_sp|P00761|TRYP_PIG	P00761	TRYP_PIG		231	false	true	Sus scrofa	Trypsin	1:Experimental evidence at protein level	25.11	1.0000	0.9990	0.00000000000000	5	5	5	8	8	8	     0	     0	     0	17M(15.9949)		
sp|A0A075B6R9|KVD24_HUMAN	A0A075B6R9	KVD24_HUMAN	IGKV2D-24	120	false	false	Homo sapiens	Probable non-functional immunoglobulin kappa variable 2D-24	1:Experimental evidence at protein level	16.67	1.0000	0.9987	0.00000000000000	2	0	2	2	0	2	     0	     0	     0			sp|A0A0C4DH68|KV224_HUMAN
sp|A0A0B4J1V0|HV315_HUMAN	A0A0B4J1V0	HV315_HUMAN	IGHV3-15	119	false	false	Homo sapiens	Immunoglobulin heavy variable 3-15	1:Experimental evidence at protein level	35.29	1.0000	0.9983	0.00000000000000	6	3	6	7	4	7	     0	     0	     0			
sp|A0A0C4DH72|KV106_HUMAN	A0A0C4DH72	KV106_HUMAN	IGKV1-6	117	false	false	Homo sapiens	Immunoglobulin kappa variable 1-6	1:Experimental evidence at protein level	23.93	1.0000	0.9977	0.00000000000000	3	0	3	5	0	5	     0	     0	     0			
sp|B9A064|IGLL5_HUMAN	B9A064	IGLL5_HUMAN	IGLL5	214	false	false	Homo sapiens	Immunoglobulin lambda-like polypeptide 5	1:Experimental evidence at protein level	44.39	1.0000	0.9990	0.00000000000000	7	1	7	10	1	10	     0	     0	     0	4C(57.0214), 5C(57.0214), 7C(57.0214)		
sp|O14791|APOL1_HUMAN	O14791	APOL1_HUMAN	APOL1	398	false	false	Homo sapiens	Apolipoprotein L1	1:Experimental evidence at protein level	26.13	1.0000	0.9985	0.00000000000000	9	9	9	9	9	9	     0	     0	     0			
sp|O75882|ATRN_HUMAN	O75882	ATRN_HUMAN	ATRN	1429	false	false	Homo sapiens	Attractin	1:Experimental evidence at protein level	4.27	1.0000	0.9960	0.00000000000000	6	6	6	6	6	6	     0	     0	     0			
sp|O95445|APOM_HUMAN	O95445	APOM_HUMAN	APOM	188	false	false	Homo sapiens	Apolipoprotein M	1:Experimental evidence at protein level	39.89	1.0000	0.9990	0.00000000000000	5	5	5	6	6	6	     0	     0	     0	4C(57.0214)		
sp|P00450|CERU_HUMAN	P00450	CERU_HUMAN	CP	1065	false	false	Homo sapiens	Ceruloplasmin	1:Experimental evidence at protein level	52.11	1.0000	0.9990	0.00000000000000	46	46	46	66	66	66	     0	     0	     0	10C(57.0214), 10M(15.9949), 11C(57.0214), 13C(57.0214), 18C(57.0214), 1M(15.9949), 3C(57.0214), 6C(57.0214)		
sp|P00488|F13A_HUMAN	P00488	F13A_HUMAN	F13A1	732	false	false	Homo sapiens	Coagulation factor XIII A chain	1:Experimental evidence at protein level	17.35	1.0000	0.9845	0.00000000000000	9	9	9	9	9	9	     0	     0	     0			
sp|P00734|THRB_HUMAN	P00734	THRB_HUMAN	F2	622	false	false	Homo sapiens	Prothrombin	1:Experimental evidence at protein level	37.78	1.0000	0.9990	0.00000000000000	19	19	19	24	24	24	     0	     0	     0	10C(57.0214), 11C(57.0214), 19C(57.0214), 4C(57.0214), 5C(57.0214), 7C(57.0214), 8C(57.0214), 9C(57.0214)		
sp|P00736|C1R_HUMAN	P00736	C1R_HUMAN	C1R	705	false	false	Homo sapiens	Complement C1r subcomponent	1:Experimental evidence at protein level	32.48	1.0000	0.9989	0.00000000000000	18	16	18	19	17	19	     0	     0	     0	10C(57.0214), 14C(57.0214), 2C(57.0214), 9C(57.0214)		
sp|P00738|HPT_HUMAN	P00738	HPT_HUMAN	HP	406	false	false	Homo sapiens	Haptoglobin	1:Experimental evidence at protein level	41.38	1.0000	0.9990	0.00000000000000	21	10	21	37	20	37	     0	     0	     0	12C(57.0214), 15C(57.0214), 18M(15.9949), 2C(57.0214), 2M(15.9949), 3M(15.9949), 5C(57.0214)		
sp|P00739|HPTR_HUMAN	P00739	HPTR_HUMAN	HPR	348	false	false	Homo sapiens	Haptoglobin-related protein	1:Experimental evidence at protein level	44.25	1.0000	0.9989	0.00000000000000	17	6	6	25	8	8	     0	     0	     0	15C(57.0214)		
sp|P00747|PLMN_HUMAN	P00747	PLMN_HUMAN	PLG	810	false	false	Homo sapiens	Plasminogen	1:Experimental evidence at protein level	31.23	1.0000	0.9990	0.00000000000000	24	21	24	27	24	27	     0	     0	     0	10C(57.0214), 11C(57.0214), 15C(57.0214), 1C(57.0214), 2C(57.0214), 4C(57.0214), 5C(57.0214), 6C(57.0214), 7C(57.0214), 9C(57.0214)		
sp|P00748|FA12_HUMAN	P00748	FA12_HUMAN	F12	615	false	false	Homo sapiens	Coagulation factor XII	1:Experimental evidence at protein level	6.83	1.0000	0.9990	0.00000000000000	4	4	4	5	5	5	     0	     0	     0	3C(57.0214)		
sp|P00751|CFAB_HUMAN	P00751	CFAB_HUMAN	CFB	764	false	false	Homo sapiens	Complement factor B	1:Experimental evidence at protein level	48.17	1.0000	0.9990	0.00000000000000	32	32	32	39	39	39	     0	     0	     0	12C(57.0214), 16C(57.0214), 1C(57.0214), 3C(57.0214), 4C(57.0214), 5C(57.0214), 7C(57.0214), 9C(57.0214)		
sp|P00915|CAH1_HUMAN	P00915	CAH1_HUMAN	CA1	261	false	false	Homo sapiens	Carbonic anhydrase 1	1:Experimental evidence at protein level	35.63	1.0000	0.9983	0.00000000000000	6	6	6	7	7	7	     0	     0	     0			
sp|P01008|ANT3_HUMAN	P01008	ANT3_HUMAN	SERPINC1	464	false	false	Homo sapiens	Antithrombin-III	1:Experimental evidence at protein level	53.23	1.0000	0.9990	0.00000000000000	24	24	24	32	32	32	     0	     0	     0	6C(57.0214), 8C(57.0214)		
sp|P01009|A1AT_HUMAN	P01009	A1AT_HUMAN	SERPINA1	418	false	false	Homo sapiens	Alpha-1-antitrypsin	1:Experimental evidence at protein level	64.11	1.0000	0.9990	0.00000000000000	28	28	28	47	47	47	     0	     0	     0	10C(57.0214), 15M(15.9949), 16M(15.9949), 19M(15.9949), 8M(15.9949), 9C(57.0214), 9M(15.9949)		
sp|P01011|AACT_HUMAN	P01011	AACT_HUMAN	SERPINA3	423	false	false	Homo sapiens	Alpha-1-antichymotrypsin	1:Experimental evidence at protein level	49.17	1.0000	0.9990	0.00000000000000	20	20	20	28	28	28	     0	     0	     0	14M(15.9949), 1M(15.9949), 7M(15.9949)		
sp|P01019|ANGT_HUMAN	P01019	ANGT_HUMAN	AGT	476	false	false	Homo sapiens	Angiotensinogen	1:Experimental evidence at protein level	27.73	1.0000	0.9990	0.00000000000000	11	11	11	15	15	15	     0	     0	     0			
sp|P01023|A2MG_HUMAN	P01023	A2MG_HUMAN	A2M	1474	false	false	Homo sapiens	Alpha-2-macroglobulin	1:Experimental evidence at protein level	59.97	1.0000	0.9990	0.00000000000000	67	59	67	104	92	104	     0	     0	     0	10C(57.0214), 11M(15.9949), 15C(57.0214), 17M(15.9949), 19C(57.0214), 1M(15.9949), 23C(57.0214), 2C(57.0214), 2M(15.9949), 3C(57.0214), 4M(15.9949), 5C(57.0214), 5M(15.9949), 6C(57.0214), 6M(15.9949), 8M(15.9949), 9C(57.0214), 9M(15.9949)		
sp|P01024|CO3_HUMAN	P01024	CO3_HUMAN	C3	1663	false	false	Homo sapiens	Complement C3	1:Experimental evidence at protein level	75.89	1.0000	0.9990	0.00000000000000	114	114	114	178	178	178	     0	     0	     0	10C(57.0214), 10M(15.9949), 11C(57.0214), 11M(15.9949), 12C(57.0214), 12M(15.9949), 13C(57.0214), 15M(15.9949), 16M(15.9949), 18M(15.9949), 1C(57.0214), 25M(15.9949), 2C(57.0214), 2M(15.9949), 3C(57.0214), 3M(15.9949), 5C(57.0214), 6C(57.0214), 7M(15.9949), 8C(57.0214)		
sp|P01031|CO5_HUMAN	P01031	CO5_HUMAN	C5	1676	false	false	Homo sapiens	Complement C5	1:Experimental evidence at protein level	32.10	1.0000	0.9990	0.00000000000000	49	49	49	56	56	56	     0	     0	     0	5C(57.0214)		
sp|P01042|KNG1_HUMAN	P01042	KNG1_HUMAN	KNG1	644	false	false	Homo sapiens	Kininogen-1	1:Experimental evidence at protein level	37.42	1.0000	0.9990	0.00000000000000	20	20	20	20	20	20	     0	     0	     0	10C(57.0214), 4C(57.0214), 5C(57.0214), 6C(57.0214), 7C(57.0214), 8C(57.0214)		
sp|P01593|KVD33_HUMAN	P01593	KVD33_HUMAN	IGKV1D-33	117	false	false	Homo sapiens	Immunoglobulin kappa variable 1D-33	1:Experimental evidence at protein level	13.68	1.0000	0.9987	0.00000000000000	1	0	1	2	0	2	     0	     0	     0			sp|P01594|KV133_HUMAN
sp|P01834|IGKC_HUMAN	P01834	IGKC_HUMAN	IGKC	107	false	false	Homo sapiens	Immunoglobulin kappa constant	1:Experimental evidence at protein level	86.92	1.0000	0.9990	0.00000000000000	7	7	7	13	13	13	     0	     0	     0	4C(57.0214), 7C(57.0214), 8C(57.0214)		
sp|P01857|IGHG1_HUMAN	P01857	IGHG1_HUMAN	IGHG1	399	false	false	Homo sapiens	Immunoglobulin heavy constant gamma 1	1:Experimental evidence at protein level	54.39	1.0000	0.9990	0.00000000000000	17	5	6	27	8	10	     0	     0	     0	4C(57.0214), 6C(57.0214), 7C(57.0214)		
sp|P01859|IGHG2_HUMAN	P01859	IGHG2_HUMAN	IGHG2	395	false	false	Homo sapiens	Immunoglobulin heavy constant gamma 2	1:Experimental evidence at protein level	40.51	1.0000	0.9990	0.00000000000000	15	5	8	26	9	14	     0	     0	     0	11C(57.0214), 12M(15.9949), 5M(15.9949), 9C(57.0214)		
sp|P01860|IGHG3_HUMAN	P01860	IGHG3_HUMAN	IGHG3	446	false	false	Homo sapiens	Immunoglobulin heavy constant gamma 3	1:Experimental evidence at protein level	48.21	1.0000	0.9990	0.00000000000000	18	7	18	33	14	33	     0	     0	     0	10C(57.0214), 11C(57.0214), 12M(15.9949), 13C(57.0214), 14M(15.9949), 1C(57.0214), 2C(57.0214), 4M(15.9949), 6C(57.0214), 7C(57.0214), 8C(57.0214), 9C(57.0214)		
sp|P01861|IGHG4_HUMAN	P01861	IGHG4_HUMAN	IGHG4	396	false	false	Homo sapiens	Immunoglobulin heavy constant gamma 4	1:Experimental evidence at protein level	43.69	1.0000	0.9990	0.00000000000000	15	7	7	23	9	9	     0	     0	     0	11C(57.0214), 12M(15.9949), 4C(57.0214), 9C(57.0214)		
sp|P01871|IGHM_HUMAN	P01871	IGHM_HUMAN	IGHM	474	false	false	Homo sapiens	Immunoglobulin heavy constant mu	1:Experimental evidence at protein level	40.93	1.0000	0.9990	0.00000000000000	18	18	18	28	28	28	     0	     0	     0	12C(57.0214), 24C(57.0214), 3C(57.0214), 7M(15.9949)		
sp|P01876|IGHA1_HUMAN	P01876	IGHA1_HUMAN	IGHA1	398	false	false	Homo sapiens	Immunoglobulin heavy constant alpha 1	1:Experimental evidence at protein level	42.96	1.0000	0.9990	0.00000000000000	15	8	15	22	13	22	     0	     0	     0	26C(57.0214), 29C(57.0214), 4C(57.0214), 6C(57.0214), 7C(57.0214), 7M(15.9949)		
sp|P01877|IGHA2_HUMAN	P01877	IGHA2_HUMAN	IGHA2	391	false	false	Homo sapiens	Immunoglobulin heavy constant alpha 2	1:Experimental evidence at protein level	21.23	1.0000	0.9989	0.00000000000000	8	1	1	11	2	2	     0	     0	     0			
sp|P02647|APOA1_HUMAN	P02647	APOA1_HUMAN	APOA1	267	false	false	Homo sapiens	Apolipoprotein A-I	1:Experimental evidence at protein level	85.77	1.0000	0.9990	0.00000000000000	32	32	32	54	54	54	     0	     0	     0	5M(15.9949), 6M(15.9949), 8M(15.9949), 9M(15.9949)		
sp|P02649|APOE_HUMAN	P02649	APOE_HUMAN	APOE	317	false	false	Homo sapiens	Apolipoprotein E	1:Experimental evidence at protein level	65.30	1.0000	0.9990	0.00000000000000	21	21	21	27	27	27	     0	     0	     0	9C(57.0214)		
sp|P02652|APOA2_HUMAN	P02652	APOA2_HUMAN	APOA2	100	false	false	Homo sapiens	Apolipoprotein A-II	1:Experimental evidence at protein level	64.00	1.0000	0.9990	0.00000000000000	8	8	8	9	9	9	     0	     0	     0	3C(57.0214)		
sp|P02655|APOC2_HUMAN	P02655	APOC2_HUMAN	APOC2	101	false	false	Homo sapiens	Apolipoprotein C-II	1:Experimental evidence at protein level	59.41	1.0000	0.9987	0.00000000000000	5	5	5	6	6	6	     0	     0	     0	5M(15.9949)		
sp|P02656|APOC3_HUMAN	P02656	APOC3_HUMAN	APOC3	99	false	false	Homo sapiens	Apolipoprotein C-III	1:Experimental evidence at protein level	34.34	1.0000	0.9990	0.00000000000000	3	3	3	4	4	4	     0	     0	     0			
sp|P02671|FIBA_HUMAN	P02671	FIBA_HUMAN	FGA	866	false	false	Homo sapiens	Fibrinogen alpha chain	1:Experimental evidence at protein level	55.20	1.0000	0.9990	0.00000000000000	51	51	51	78	78	78	     0	     0	     0	10M(15.9949), 11C(57.0214), 15C(57.0214), 15M(15.9949), 1M(15.9949), 5M(15.9949), 7C(57.0214), 8M(15.9949), 9M(15.9949)		
sp|P02675|FIBB_HUMAN	P02675	FIBB_HUMAN	FGB	491	false	false	Homo sapiens	Fibrinogen beta chain	1:Experimental evidence at protein level	72.30	1.0000	0.9990	0.00000000000000	33	33	33	56	56	56	     0	     0	     0	10M(15.9949), 11M(15.9949), 12C(57.0214), 17M(15.9949), 1C(57.0214), 1M(15.9949), 2C(57.0214), 3C(57.0214), 6M(15.9949), 7C(57.0214), 7M(15.9949), 8M(15.9949)		
sp|P02679|FIBG_HUMAN	P02679	FIBG_HUMAN	FGG	453	false	false	Homo sapiens	Fibrinogen gamma chain	1:Experimental evidence at protein level	74.39	1.0000	0.9990	0.00000000000000	31	30	31	48	45	48	     0	     0	     0	12C(57.0214), 13C(57.0214), 16M(15.9949), 1C(57.0214), 2C(57.0214), 3C(57.0214), 4C(57.0214), 5C(57.0214), 8C(57.0214), 8M(15.9949), 9C(57.0214)		
sp|P02743|SAMP_HUMAN	P02743	SAMP_HUMAN	APCS	223	false	false	Homo sapiens	Serum amyloid P-component	1:Experimental evidence at protein level	32.74	1.0000	0.9989	0.00000000000000	9	9	9	10	10	10	     0	     0	     0			
sp|P02745|C1QA_HUMAN	P02745	C1QA_HUMAN	C1QA	245	false	false	Homo sapiens	Complement C1q subcomponent subunit A	1:Experimental evidence at protein level	28.98	1.0000	0.9990	0.00000000000000	5	5	5	6	6	6	     0	     0	     0	5C(57.0214)		
sp|P02746|C1QB_HUMAN	P02746	C1QB_HUMAN	C1QB	253	false	false	Homo sapiens	Complement C1q subcomponent subunit B	1:Experimental evidence at protein level	26.09	1.0000	0.9988	0.00000000000000	6	6	6	7	7	7	     0	     0	     0			
sp|P02747|C1QC_HUMAN	P02747	C1QC_HUMAN	C1QC	245	false	false	Homo sapiens	Complement C1q subcomponent subunit C	1:Experimental evidence at protein level	13.88	1.0000	0.9983	0.00000000000000	3	3	3	4	4	4	     0	     0	     0			
sp|P02748|CO9_HUMAN	P02748	CO9_HUMAN	C9	559	false	false	Homo sapiens	Complement component C9	1:Experimental evidence at protein level	28.26	1.0000	0.9990	0.00000000000000	16	16	16	21	21	21	     0	     0	     0	6C(57.0214)		
sp|P02749|APOH_HUMAN	P02749	APOH_HUMAN	APOH	345	false	false	Homo sapiens	Beta-2-glycoprotein 1	1:Experimental evidence at protein level	29.28	1.0000	0.9986	0.00000000000000	9	9	9	12	12	12	     0	     0	     0	13C(57.0214), 2C(57.0214), 3C(57.0214), 9C(57.0214)		
sp|P02750|A2GL_HUMAN	P02750	A2GL_HUMAN	LRG1	347	false	false	Homo sapiens	Leucine-rich alpha-2-glycoprotein	1:Experimental evidence at protein level	41.79	1.0000	0.9989	0.00000000000000	11	11	11	11	11	11	     0	     0	     0			
sp|P02751|FINC_HUMAN	P02751	FINC_HUMAN	FN1	2477	false	false	Homo sapiens	Fibronectin	1:Experimental evidence at protein level	20.95	1.0000	0.9989	0.00000000000000	38	38	38	43	43	43	     0	     0	     0	4C(57.0214)		
sp|P02753|RET4_HUMAN	P02753	RET4_HUMAN	RBP4	201	false	false	Homo sapiens	Retinol-binding protein 4	1:Experimental evidence at protein level	43.78	1.0000	0.9969	0.00000000000000	7	7	7	7	7	7	     0	     0	     0	7C(57.0214), 8C(57.0214)		
sp|P02760|AMBP_HUMAN	P02760	AMBP_HUMAN	AMBP	352	false	false	Homo sapiens	Protein AMBP	1:Experimental evidence at protein level	28.69	1.0000	0.9990	0.00000000000000	7	7	7	9	9	9	     0	     0	     0	14C(57.0214), 3C(57.0214), 5C(57.0214)		
sp|P02763|A1AG1_HUMAN	P02763	A1AG1_HUMAN	ORM1	201	false	false	Homo sapiens	Alpha-1-acid glycoprotein 1	1:Experimental evidence at protein level	49.25	1.0000	0.9990	0.00000000000000	11	7	11	19	15	19	     0	     0	     0	12C(57.0214), 3M(15.9949)		
sp|P02765|FETUA_HUMAN	P02765	FETUA_HUMAN	AHSG	367	false	false	Homo sapiens	Alpha-2-HS-glycoprotein	1:Experimental evidence at protein level	30.25	1.0000	0.9990	0.00000000000000	7	7	7	11	11	11	     0	     0	     0	1C(57.0214), 21C(57.0214), 4C(57.0214), 4M(15.9949), 8C(57.0214)		
sp|P02766|TTHY_HUMAN	P02766	TTHY_HUMAN	TTR	147	false	false	Homo sapiens	Transthyretin	1:Experimental evidence at protein level	63.95	1.0000	0.9990	0.00000000000000	5	5	5	6	6	6	     0	     0	     0			
sp|P02768|ALBU_HUMAN	P02768	ALBU_HUMAN	ALB	609	false	false	Homo sapiens	Albumin	1:Experimental evidence at protein level	79.97	1.0000	0.9990	0.00000000000000	65	60	65	109	101	109	     0	     0	     0	10C(57.0214), 11C(57.0214), 12C(57.0214), 12M(15.9949), 14C(57.0214), 16C(57.0214), 17C(57.0214), 17M(15.9949), 18C(57.0214), 1C(57.0214), 1M(15.9949), 21C(57.0214), 2C(57.0214), 2M(15.9949), 30C(57.0214), 3C(57.0214), 3M(15.9949), 4C(57.0214), 6C(57.0214), 6M(15.9949), 7C(57.0214), 8C(57.0214), 9C(57.0214), 9M(15.9949)		
sp|P02774|VTDB_HUMAN	P02774	VTDB_HUMAN	GC	474	false	false	Homo sapiens	Vitamin D-binding protein	1:Experimental evidence at protein level	53.38	1.0000	0.9990	0.00000000000000	25	25	25	31	31	31	     0	     0	     0	18C(57.0214), 2C(57.0214), 3C(57.0214), 4C(57.0214), 5C(57.0214), 8C(57.0214)		
sp|P02787|TRFE_HUMAN	P02787	TRFE_HUMAN	TF	698	false	false	Homo sapiens	Serotransferrin	1:Experimental evidence at protein level	67.62	1.0000	0.9990	0.00000000000000	54	54	54	93	93	93	     0	     0	     0	10C(57.0214), 12C(57.0214), 13C(57.0214), 14C(57.0214), 1C(57.0214), 1M(15.9949), 2C(57.0214), 2M(15.9949), 3C(57.0214), 4C(57.0214), 5C(57.0214), 6C(57.0214), 6M(15.9949), 7M(15.9949), 8M(15.9949), 9C(57.0214), 9M(15.9949)		
sp|P02790|HEMO_HUMAN	P02790	HEMO_HUMAN	HPX	462	false	false	Homo sapiens	Hemopexin	1:Experimental evidence at protein level	53.46	1.0000	0.9990	0.00000000000000	20	20	20	25	25	25	     0	     0	     0	19C(57.0214), 1C(57.0214), 3C(57.0214), 6C(57.0214), 7M(15.9949), 9C(57.0214)		
sp|P03951|FA11_HUMAN	P03951	FA11_HUMAN	F11	625	false	false	Homo sapiens	Coagulation factor XI	1:Experimental evidence at protein level	8.80	1.0000	0.9896	0.00000000000000	6	5	5	6	5	5	     0	     0	     0			
sp|P03952|KLKB1_HUMAN	P03952	KLKB1_HUMAN	KLKB1	638	false	false	Homo sapiens	Plasma kallikrein	1:Experimental evidence at protein level	21.16	1.0000	0.9988	0.00000000000000	12	11	12	14	13	14	     0	     0	     0	11C(57.0214), 1C(57.0214), 3C(57.0214)		
sp|P04003|C4BPA_HUMAN	P04003	C4BPA_HUMAN	C4BPA	597	false	false	Homo sapiens	C4b-binding protein alpha chain	1:Experimental evidence at protein level	24.46	1.0000	0.9989	0.00000000000000	14	14	14	19	19	19	     0	     0	     0	11C(57.0214), 3C(57.0214), 5C(57.0214), 7C(57.0214)		
sp|P04004|VTNC_HUMAN	P04004	VTNC_HUMAN	VTN	478	false	false	Homo sapiens	Vitronectin	1:Experimental evidence at protein level	26.36	1.0000	0.9990	0.00000000000000	14	14	14	20	20	20	     0	     0	     0	13M(15.9949), 1C(57.0214), 4C(57.0214), 9C(57.0214)		
sp|P04114|APOB_HUMAN	P04114	APOB_HUMAN	APOB	4563	false	false	Homo sapiens	Apolipoprotein B-100	1:Experimental evidence at protein level	50.67	1.0000	0.9990	0.00000000000000	194	194	194	240	240	240	     0	     0	     0	16C(57.0214), 4M(15.9949), 5M(15.9949), 6C(57.0214), 7C(57.0214), 9C(57.0214)		
sp|P04196|HRG_HUMAN	P04196	HRG_HUMAN	HRG	525	false	false	Homo sapiens	Histidine-rich glycoprotein	1:Experimental evidence at protein level	26.29	1.0000	0.9990	0.00000000000000	12	12	12	16	16	16	     0	     0	     0	10C(57.0214)		
sp|P04217|A1BG_HUMAN	P04217	A1BG_HUMAN	A1BG	495	false	false	Homo sapiens	Alpha-1B-glycoprotein	1:Experimental evidence at protein level	42.22	1.0000	0.9990	0.00000000000000	15	15	15	22	22	22	     0	     0	     0	18C(57.0214), 1C(57.0214), 5C(57.0214)		
sp|P04278|SHBG_HUMAN	P04278	SHBG_HUMAN	SHBG	402	false	false	Homo sapiens	Sex hormone-binding globulin	1:Experimental evidence at protein level	21.89	1.0000	0.9980	0.00000000000000	6	6	6	6	6	6	     0	     0	     0			
sp|P05090|APOD_HUMAN	P05090	APOD_HUMAN	APOD	189	false	false	Homo sapiens	Apolipoprotein D	1:Experimental evidence at protein level	38.10	1.0000	0.9990	0.00000000000000	8	8	8	11	11	11	     0	     0	     0	1C(57.0214), 9C(57.0214)		
sp|P05154|IPSP_HUMAN	P05154	IPSP_HUMAN	SERPINA5	406	false	false	Homo sapiens	Plasma serine protease inhibitor	1:Experimental evidence at protein level	16.01	1.0000	0.9925	0.00000000000000	5	5	5	5	5	5	     0	     0	     0			
sp|P05155|IC1_HUMAN	P05155	IC1_HUMAN	SERPING1	500	false	false	Homo sapiens	Plasma protease C1 inhibitor	1:Experimental evidence at protein level	38.20	1.0000	0.9990	0.00000000000000	19	19	19	25	25	25	     0	     0	     0	11M(15.9949), 4C(57.0214), 5M(15.9949)		
sp|P05156|CFAI_HUMAN	P05156	CFAI_HUMAN	CFI	583	false	false	Homo sapiens	Complement factor I	1:Experimental evidence at protein level	18.70	1.0000	0.9990	0.00000000000000	10	10	10	12	12	12	     0	     0	     0	9C(57.0214)		
sp|P05160|F13B_HUMAN	P05160	F13B_HUMAN	F13B	661	false	false	Homo sapiens	Coagulation factor XIII B chain	1:Experimental evidence at protein level	8.93	1.0000	0.9922	0.00000000000000	6	6	6	7	7	7	     0	     0	     0			
sp|P05543|THBG_HUMAN	P05543	THBG_HUMAN	SERPINA7	415	false	false	Homo sapiens	Thyroxine-binding globulin	1:Experimental evidence at protein level	33.73	1.0000	0.9990	0.00000000000000	11	11	11	14	14	14	     0	     0	     0	1M(15.9949)		
sp|P05546|HEP2_HUMAN	P05546	HEP2_HUMAN	SERPIND1	499	false	false	Homo sapiens	Heparin cofactor 2	1:Experimental evidence at protein level	37.07	1.0000	0.9990	0.00000000000000	17	17	17	19	19	19	     0	     0	     0			
sp|P06276|CHLE_HUMAN	P06276	CHLE_HUMAN	BCHE	602	false	false	Homo sapiens	Cholinesterase	1:Experimental evidence at protein level	9.80	1.0000	0.9969	0.00000000000000	5	4	5	5	4	5	     0	     0	     0			
sp|P06312|KV401_HUMAN	P06312	KV401_HUMAN	IGKV4-1	121	false	false	Homo sapiens	Immunoglobulin kappa variable 4-1	1:Experimental evidence at protein level	24.79	1.0000	0.9980	0.00000000000000	3	3	3	4	4	4	     0	     0	     0			
sp|P06331|HV434_HUMAN	P06331	HV434_HUMAN	IGHV4-34	123	false	false	Homo sapiens	Immunoglobulin heavy variable 4-34	1:Experimental evidence at protein level	39.02	1.0000	0.9965	0.00000000000000	4	1	4	4	1	4	     0	     0	     0	14C(57.0214)		
sp|P06396|GELS_HUMAN	P06396	GELS_HUMAN	GSN	782	false	false	Homo sapiens	Gelsolin	1:Experimental evidence at protein level	47.95	1.0000	0.9990	0.00000000000000	25	25	25	30	30	30	     0	     0	     0	4C(57.0214)		
sp|P06681|CO2_HUMAN	P06681	CO2_HUMAN	C2	752	false	false	Homo sapiens	Complement C2	1:Experimental evidence at protein level	24.87	1.0000	0.9988	0.00000000000000	18	18	18	20	20	20	     0	     0	     0			
sp|P06727|APOA4_HUMAN	P06727	APOA4_HUMAN	APOA4	396	false	false	Homo sapiens	Apolipoprotein A-IV	1:Experimental evidence at protein level	82.07	1.0000	0.9990	0.00000000000000	36	36	36	50	50	50	     0	     0	     0	6M(15.9949)		
sp|P07225|PROS_HUMAN	P07225	PROS_HUMAN	PROS1	676	false	false	Homo sapiens	Vitamin K-dependent protein S	1:Experimental evidence at protein level	19.97	1.0000	0.9989	0.00000000000000	11	11	11	14	14	14	     0	     0	     0	7C(57.0214)		
sp|P07357|CO8A_HUMAN	P07357	CO8A_HUMAN	C8A	584	false	false	Homo sapiens	Complement component C8 alpha chain	1:Experimental evidence at protein level	9.42	1.0000	0.9990	0.00000000000000	5	5	5	5	5	5	     0	     0	     0			
sp|P07358|CO8B_HUMAN	P07358	CO8B_HUMAN	C8B	591	false	false	Homo sapiens	Complement component C8 beta chain	1:Experimental evidence at protein level	11.84	1.0000	0.9990	0.00000000000000	5	5	5	5	5	5	     0	     0	     0			
sp|P07360|CO8G_HUMAN	P07360	CO8G_HUMAN	C8G	202	false	false	Homo sapiens	Complement component C8 gamma chain	1:Experimental evidence at protein level	48.02	1.0000	0.9980	0.00000000000000	6	6	6	6	6	6	     0	     0	     0			
sp|P08185|CBG_HUMAN	P08185	CBG_HUMAN	SERPINA6	405	false	false	Homo sapiens	Corticosteroid-binding globulin	1:Experimental evidence at protein level	34.07	1.0000	0.9990	0.00000000000000	9	9	9	12	12	12	     0	     0	     0			
sp|P08519|APOA_HUMAN	P08519	APOA_HUMAN	LPA	2040	false	false	Homo sapiens	Apolipoprotein(a)	1:Experimental evidence at protein level	13.68	1.0000	0.9919	0.00000000000000	9	9	9	9	9	9	     0	     0	     0	10C(57.0214)		
sp|P08603|CFAH_HUMAN	P08603	CFAH_HUMAN	CFH	1231	false	false	Homo sapiens	Complement factor H	1:Experimental evidence at protein level	42.24	1.0000	0.9990	0.00000000000000	44	41	44	56	52	56	     0	     0	     0	11C(57.0214), 15C(57.0214), 16C(57.0214), 1C(57.0214), 2C(57.0214), 3C(57.0214), 4C(57.0214), 5C(57.0214), 6C(57.0214), 6M(15.9949), 7C(57.0214), 9C(57.0214)		
sp|P08697|A2AP_HUMAN	P08697	A2AP_HUMAN	SERPINF2	491	false	false	Homo sapiens	Alpha-2-antiplasmin	1:Experimental evidence at protein level	30.75	1.0000	0.9990	0.00000000000000	11	11	11	16	16	16	     0	     0	     0	3M(15.9949)		
sp|P09871|C1S_HUMAN	P09871	C1S_HUMAN	C1S	688	false	false	Homo sapiens	Complement C1s subcomponent	1:Experimental evidence at protein level	26.45	1.0000	0.9990	0.00000000000000	15	14	15	18	17	18	     0	     0	     0	19C(57.0214)		
sp|P0C0L4|CO4A_HUMAN	P0C0L4	CO4A_HUMAN	C4A	1744	false	false	Homo sapiens	Complement C4-A	1:Experimental evidence at protein level	52.64	1.0000	0.9990	0.00000000000000	80	4	80	116	6	116	     0	     0	     0	11M(15.9949), 12M(15.9949), 18M(15.9949), 1C(57.0214), 1M(15.9949), 22C(57.0214), 2C(57.0214), 2M(15.9949), 3M(15.9949), 5C(57.0214), 6C(57.0214), 6M(15.9949), 8C(57.0214)		
sp|P0C0L5|CO4B_HUMAN	P0C0L5	CO4B_HUMAN	C4B	1744	false	false	Homo sapiens	Complement C4-B	1:Experimental evidence at protein level	52.41	1.0000	0.9990	0.00000000000000	80	4	4	115	5	5	     0	     0	     0			
sp|P10643|CO7_HUMAN	P10643	CO7_HUMAN	C7	843	false	false	Homo sapiens	Complement component C7	1:Experimental evidence at protein level	17.44	1.0000	0.9990	0.00000000000000	12	12	12	13	13	13	     0	     0	     0	8C(57.0214)		
sp|P10909|CLUS_HUMAN	P10909	CLUS_HUMAN	CLU	449	false	false	Homo sapiens	Clusterin	1:Experimental evidence at protein level	31.63	1.0000	0.9990	0.00000000000000	15	15	15	19	19	19	     0	     0	     0			
sp|P11226|MBL2_HUMAN	P11226	MBL2_HUMAN	MBL2	248	false	false	Homo sapiens	Mannose-binding protein C	1:Experimental evidence at protein level	24.60	1.0000	0.9912	0.00000000000000	6	6	6	6	6	6	     0	     0	     0			
sp|P12259|FA5_HUMAN	P12259	FA5_HUMAN	F5	2224	false	false	Homo sapiens	Coagulation factor V	1:Experimental evidence at protein level	9.76	1.0000	0.9982	0.00000000000000	16	16	16	17	17	17	     0	     0	     0			
sp|P13671|CO6_HUMAN	P13671	CO6_HUMAN	C6	934	false	false	Homo sapiens	Complement component C6	1:Experimental evidence at protein level	25.80	1.0000	0.9989	0.00000000000000	21	21	21	22	22	22	     0	     0	     0	13C(57.0214), 3C(57.0214), 5C(57.0214), 6C(57.0214), 9C(57.0214)		
sp|P15169|CBPN_HUMAN	P15169	CBPN_HUMAN	CPN1	458	false	false	Homo sapiens	Carboxypeptidase N catalytic chain	1:Experimental evidence at protein level	19.00	1.0000	0.9960	0.00000000000000	7	7	7	7	7	7	     0	     0	     0			
sp|P18428|LBP_HUMAN	P18428	LBP_HUMAN	LBP	481	false	false	Homo sapiens	Lipopolysaccharide-binding protein	1:Experimental evidence at protein level	13.10	1.0000	0.9988	0.00000000000000	5	5	5	5	5	5	     0	     0	     0			
sp|P19652|A1AG2_HUMAN	P19652	A1AG2_HUMAN	ORM2	201	false	false	Homo sapiens	Alpha-1-acid glycoprotein 2	1:Experimental evidence at protein level	49.25	1.0000	0.9989	0.00000000000000	11	7	7	16	12	12	     0	     0	     0	12C(57.0214), 14C(57.0214), 3M(15.9949), 4M(15.9949)		
sp|P19823|ITIH2_HUMAN	P19823	ITIH2_HUMAN	ITIH2	946	false	false	Homo sapiens	Inter-alpha-trypsin inhibitor heavy chain H2	1:Experimental evidence at protein level	35.94	1.0000	0.9990	0.00000000000000	31	31	31	46	46	46	     0	     0	     0	1M(15.9949), 5M(15.9949)		
sp|P19827|ITIH1_HUMAN	P19827	ITIH1_HUMAN	ITIH1	911	false	false	Homo sapiens	Inter-alpha-trypsin inhibitor heavy chain H1	1:Experimental evidence at protein level	34.14	1.0000	0.9990	0.00000000000000	25	25	25	31	31	31	     0	     0	     0			
sp|P20742|PZP_HUMAN	P20742	PZP_HUMAN	PZP	1482	false	false	Homo sapiens	Pregnancy zone protein	1:Experimental evidence at protein level	23.21	1.0000	0.9943	0.00000000000000	26	18	18	32	20	20	     0	     0	     0			
sp|P22792|CPN2_HUMAN	P22792	CPN2_HUMAN	CPN2	545	false	false	Homo sapiens	Carboxypeptidase N subunit 2	1:Experimental evidence at protein level	25.32	1.0000	0.9986	0.00000000000000	10	10	10	12	12	12	     0	     0	     0			
sp|P23142|FBLN1_HUMAN	P23142	FBLN1_HUMAN	FBLN1	703	false	false	Homo sapiens	Fibulin-1	1:Experimental evidence at protein level	13.66	1.0000	0.9989	0.00000000000000	8	8	8	9	9	9	     0	     0	     0	2C(57.0214)		
sp|P25311|ZA2G_HUMAN	P25311	ZA2G_HUMAN	AZGP1	298	false	false	Homo sapiens	Zinc-alpha-2-glycoprotein	1:Experimental evidence at protein level	48.66	1.0000	0.9990	0.00000000000000	13	13	13	17	17	17	     0	     0	     0	1C(57.0214), 7C(57.0214)		
sp|P27169|PON1_HUMAN	P27169	PON1_HUMAN	PON1	355	false	false	Homo sapiens	Serum paraoxonase/arylesterase 1	1:Experimental evidence at protein level	58.59	1.0000	0.9990	0.00000000000000	13	11	13	16	14	16	     0	     0	     0	10C(57.0214), 24C(57.0214), 4M(15.9949)		
sp|P29622|KAIN_HUMAN	P29622	KAIN_HUMAN	SERPINA4	427	false	false	Homo sapiens	Kallistatin	1:Experimental evidence at protein level	35.83	1.0000	0.9990	0.00000000000000	11	11	11	13	13	13	     0	     0	     0			
sp|P35542|SAA4_HUMAN	P35542	SAA4_HUMAN	SAA4	130	false	false	Homo sapiens	Serum amyloid A-4 protein	1:Experimental evidence at protein level	46.92	1.0000	0.9964	0.00000000000000	5	5	5	5	5	5	     0	     0	     0	11C(57.0214)		
sp|P35858|ALS_HUMAN	P35858	ALS_HUMAN	IGFALS	605	false	false	Homo sapiens	Insulin-like growth factor-binding protein complex acid labile subunit	1:Experimental evidence at protein level	29.59	1.0000	0.9989	0.00000000000000	13	13	13	16	16	16	     0	     0	     0			
sp|P36955|PEDF_HUMAN	P36955	PEDF_HUMAN	SERPINF1	418	false	false	Homo sapiens	Pigment epithelium-derived factor	1:Experimental evidence at protein level	34.93	1.0000	0.9989	0.00000000000000	12	12	12	13	13	13	     0	     0	     0			
sp|P43251|BTD_HUMAN	P43251	BTD_HUMAN	BTD	523	false	false	Homo sapiens	Biotinidase	1:Experimental evidence at protein level	12.81	1.0000	0.9963	0.00000000000000	5	5	5	5	5	5	     0	     0	     0			
sp|P43652|AFAM_HUMAN	P43652	AFAM_HUMAN	AFM	599	false	false	Homo sapiens	Afamin	1:Experimental evidence at protein level	33.22	1.0000	0.9990	0.00000000000000	19	19	19	24	24	24	     0	     0	     0	2C(57.0214), 3C(57.0214), 5C(57.0214), 7C(57.0214)		
sp|P51884|LUM_HUMAN	P51884	LUM_HUMAN	LUM	338	false	false	Homo sapiens	Lumican	1:Experimental evidence at protein level	38.46	1.0000	0.9990	0.00000000000000	12	12	12	15	15	15	     0	     0	     0			
sp|P68871|HBB_HUMAN	P68871	HBB_HUMAN	HBB	147	false	false	Homo sapiens	Hemoglobin subunit beta	1:Experimental evidence at protein level	73.47	1.0000	0.9990	0.00000000000000	9	4	9	13	7	13	     0	     0	     0	15M(15.9949)		
sp|P69905|HBA_HUMAN	P69905	HBA_HUMAN	HBA2	142	false	false	Homo sapiens	Hemoglobin subunit alpha	1:Experimental evidence at protein level	63.38	1.0000	0.9990	0.00000000000000	6	6	6	9	9	9	     0	     0	     0	1M(15.9949)		
sp|P80108|PHLD_HUMAN	P80108	PHLD_HUMAN	GPLD1	840	false	false	Homo sapiens	Phosphatidylinositol-glycan-specific phospholipase D	1:Experimental evidence at protein level	18.21	1.0000	0.9978	0.00000000000000	11	11	11	11	11	11	     0	     0	     0			
sp|P80748|LV321_HUMAN	P80748	LV321_HUMAN	IGLV3-21	117	false	false	Homo sapiens	Immunoglobulin lambda variable 3-21	1:Experimental evidence at protein level	39.32	1.0000	0.9990	0.00000000000000	3	2	3	4	2	4	     0	     0	     0			
sp|Q03591|FHR1_HUMAN	Q03591	FHR1_HUMAN	CFHR1	330	false	false	Homo sapiens	Complement factor H-related protein 1	1:Experimental evidence at protein level	19.39	1.0000	0.9985	0.00000000000000	5	1	3	7	1	4	     0	     0	     0	3C(57.0214), 6C(57.0214)		
sp|Q06033|ITIH3_HUMAN	Q06033	ITIH3_HUMAN	ITIH3	890	false	false	Homo sapiens	Inter-alpha-trypsin inhibitor heavy chain H3	1:Experimental evidence at protein level	26.07	1.0000	0.9990	0.00000000000000	17	17	17	23	23	23	     0	     0	     0	2M(15.9949)		
sp|Q08380|LG3BP_HUMAN	Q08380	LG3BP_HUMAN	LGALS3BP	585	false	false	Homo sapiens	Galectin-3-binding protein	1:Experimental evidence at protein level	20.34	1.0000	0.9988	0.00000000000000	10	10	10	11	11	11	     0	     0	     0			
sp|Q13790|APOF_HUMAN	Q13790	APOF_HUMAN	APOF	326	false	false	Homo sapiens	Apolipoprotein F	1:Experimental evidence at protein level	8.28	1.0000	0.9988	0.00000000000000	2	2	2	3	3	3	     0	     0	     0			
sp|Q14624|ITIH4_HUMAN	Q14624	ITIH4_HUMAN	ITIH4	930	false	false	Homo sapiens	Inter-alpha-trypsin inhibitor heavy chain H4	1:Experimental evidence at protein level	53.33	1.0000	0.9990	0.00000000000000	44	43	44	58	57	58	     0	     0	     0			
sp|Q16610|ECM1_HUMAN	Q16610	ECM1_HUMAN	ECM1	540	false	false	Homo sapiens	Extracellular matrix protein 1	1:Experimental evidence at protein level	14.63	1.0000	0.9967	0.00000000000000	6	6	6	6	6	6	     0	     0	     0			
sp|Q92954|PRG4_HUMAN	Q92954	PRG4_HUMAN	PRG4	1404	false	false	Homo sapiens	Proteoglycan 4	1:Experimental evidence at protein level	2.99	1.0000	0.9939	0.00000000000000	4	4	4	5	5	5	     0	     0	     0			
sp|Q96IY4|CBPB2_HUMAN	Q96IY4	CBPB2_HUMAN	CPB2	423	false	false	Homo sapiens	Carboxypeptidase B2	1:Experimental evidence at protein level	16.31	1.0000	0.9981	0.00000000000000	6	6	6	7	7	7	     0	     0	     0			
sp|Q96KN2|CNDP1_HUMAN	Q96KN2	CNDP1_HUMAN	CNDP1	507	false	false	Homo sapiens	Beta-Ala-His dipeptidase	1:Experimental evidence at protein level	24.65	1.0000	0.9935	0.00000000000000	8	8	8	8	8	8	     0	     0	     0			
sp|Q96PD5|PGRP2_HUMAN	Q96PD5	PGRP2_HUMAN	PGLYRP2	576	false	false	Homo sapiens	N-acetylmuramoyl-L-alanine amidase	1:Experimental evidence at protein level	34.03	1.0000	0.9989	0.00000000000000	13	13	13	13	13	13	     0	     0	     0	3C(57.0214), 6M(15.9949), 9C(57.0214)		
sp|Q9UK55|ZPI_HUMAN	Q9UK55	ZPI_HUMAN	SERPINA10	444	false	false	Homo sapiens	Protein Z-dependent protease inhibitor	1:Experimental evidence at protein level	25.90	1.0000	0.9972	0.00000000000000	8	8	8	9	9	9	     0	     0	     0			
sp|Q9Y6R7|FCGBP_HUMAN	Q9Y6R7	FCGBP_HUMAN	FCGBP	5405	false	false	Homo sapiens	IgGFc-binding protein	1:Experimental evidence at protein level	2.94	1.0000	0.9717	0.00000000000000	8	8	8	8	8	8	     0	     0	     0			
sp|A0A0C4DH38|HV551_HUMAN	A0A0C4DH38	HV551_HUMAN	IGHV5-51	117	false	false	Homo sapiens	Immunoglobulin heavy variable 5-51	1:Experimental evidence at protein level	47.01	0.9999	0.9987	0.00000000000000	4	2	4	4	2	4	     0	     0	     0	9C(57.0214)		
sp|P00742|FA10_HUMAN	P00742	FA10_HUMAN	F10	488	false	false	Homo sapiens	Coagulation factor X	1:Experimental evidence at protein level	5.94	0.9999	0.9939	0.00000000000000	3	3	3	3	3	3	     0	     0	     0			
sp|P22352|GPX3_HUMAN	P22352	GPX3_HUMAN	GPX3	226	false	false	Homo sapiens	Glutathione peroxidase 3	1:Experimental evidence at protein level	20.35	0.9999	0.9944	0.00000000000000	4	4	4	4	4	4	     0	     0	     0			
sp|A0A075B6H9|LV469_HUMAN	A0A075B6H9	LV469_HUMAN	IGLV4-69	119	false	false	Homo sapiens	Immunoglobulin lambda variable 4-69	1:Experimental evidence at protein level	14.29	0.9998	0.9985	0.00000000000000	2	2	2	2	2	2	     0	     0	     0			
sp|P00740|FA9_HUMAN	P00740	FA9_HUMAN	F9	461	false	false	Homo sapiens	Coagulation factor IX	1:Experimental evidence at protein level	10.63	0.9998	0.9755	0.00000000000000	4	4	4	5	5	5	     0	     0	     0			
sp|P01700|LV147_HUMAN	P01700	LV147_HUMAN	IGLV1-47	117	false	false	Homo sapiens	Immunoglobulin lambda variable 1-47	1:Experimental evidence at protein level	24.79	0.9998	0.9983	0.00000000000000	2	1	2	2	1	2	     0	     0	     0			
sp|P02042|HBD_HUMAN	P02042	HBD_HUMAN	HBD	147	false	false	Homo sapiens	Hemoglobin subunit delta	1:Experimental evidence at protein level	60.54	0.9998	0.9952	0.00000000000000	8	3	3	9	3	3	     0	     0	     0			
sp|P60709|ACTB_HUMAN	P60709	ACTB_HUMAN	ACTB	375	false	false	Homo sapiens	Actin, cytoplasmic 1	1:Experimental evidence at protein level	26.13	0.9998	0.9924	0.00000000000000	9	0	9	9	0	9	     0	     0	     0			sp|P63261|ACTG_HUMAN
sp|A0A0A0MS15|HV349_HUMAN	A0A0A0MS15	HV349_HUMAN	IGHV3-49	119	false	false	Homo sapiens	Immunoglobulin heavy variable 3-49	1:Experimental evidence at protein level	35.29	0.9997	0.9958	0.00000000000000	5	2	3	5	2	3	     0	     0	     0	9C(57.0214)		
sp|A0A0B4J1Y8|LV949_HUMAN	A0A0B4J1Y8	LV949_HUMAN	IGLV9-49	123	false	false	Homo sapiens	Immunoglobulin lambda variable 9-49	1:Experimental evidence at protein level	30.08	0.9997	0.9875	0.00000000000000	4	4	4	4	4	4	     0	     0	     0			
sp|A0A0C4DH34|HV428_HUMAN	A0A0C4DH34	HV428_HUMAN	IGHV4-28	117	false	false	Homo sapiens	Immunoglobulin heavy variable 4-28	1:Experimental evidence at protein level	9.40	0.9996	0.9862	0.00000000000000	2	2	2	3	3	3	     0	     0	     0			
sp|P49908|SEPP1_HUMAN	P49908	SEPP1_HUMAN	SELENOP	381	false	false	Homo sapiens	Selenoprotein P	1:Experimental evidence at protein level	10.50	0.9996	0.9824	0.00000000000000	4	4	4	4	4	4	     0	     0	     0			
sp|Q9NZP8|C1RL_HUMAN	Q9NZP8	C1RL_HUMAN	C1RL	487	false	false	Homo sapiens	Complement C1r subcomponent-like protein	1:Experimental evidence at protein level	10.88	0.9996	0.9954	0.00000000000000	4	2	2	4	2	2	     0	     0	     0			
sp|A0A0C4DH36|HV338_HUMAN	A0A0C4DH36	HV338_HUMAN	IGHV3-38	116	false	false	Homo sapiens	Probable non-functional immunoglobulin heavy variable 3-38	1:Experimental evidence at protein level	15.52	0.9995	0.9954	0.00000000000000	2	1	1	3	2	2	     0	     0	     0			
sp|P01591|IGJ_HUMAN	P01591	IGJ_HUMAN	JCHAIN	159	false	false	Homo sapiens	Immunoglobulin J chain	1:Experimental evidence at protein level	27.67	0.9992	0.9986	0.00000000000000	4	4	4	4	4	4	     0	     0	     0	1C(57.0214), 9C(57.0214)		
sp|P20851|C4BPB_HUMAN	P20851	C4BPB_HUMAN	C4BPB	252	false	false	Homo sapiens	C4b-binding protein beta chain	1:Experimental evidence at protein level	7.54	0.9992	0.9926	0.00000000000000	2	2	2	2	2	2	     0	     0	     0			
sp|P32119|PRDX2_HUMAN	P32119	PRDX2_HUMAN	PRDX2	198	false	false	Homo sapiens	Peroxiredoxin-2	1:Experimental evidence at protein level	18.69	0.9992	0.9780	0.00000000000000	4	3	4	4	3	4	     0	     0	     0			
sp|A0A075B6K4|LV310_HUMAN	A0A075B6K4	LV310_HUMAN	IGLV3-10	115	false	false	Homo sapiens	Immunoglobulin lambda variable 3-10	1:Experimental evidence at protein level	20.87	0.9991	0.9929	0.00000000000000	2	1	2	2	1	2	     0	     0	     0	3C(57.0214)		
sp|P00746|CFAD_HUMAN	P00746	CFAD_HUMAN	CFD	253	false	false	Homo sapiens	Complement factor D	1:Experimental evidence at protein level	15.42	0.9985	0.9780	0.00000000000000	2	2	2	3	3	3	     0	     0	     0			
sp|P01782|HV309_HUMAN	P01782	HV309_HUMAN	IGHV3-9	118	false	false	Homo sapiens	Immunoglobulin heavy variable 3-9	1:Experimental evidence at protein level	40.68	0.9983	0.9919	0.00000000000000	4	0	2	5	0	2	     0	     0	     0	3C(57.0214), 9C(57.0214)		sp|P0DP04|HV43D_HUMAN
sp|P05452|TETN_HUMAN	P05452	TETN_HUMAN	CLEC3B	202	false	false	Homo sapiens	Tetranectin	1:Experimental evidence at protein level	13.86	0.9981	0.9854	0.00000000000000	2	2	2	3	3	3	     0	     0	     0			
sp|P01619|KV320_HUMAN	P01619	KV320_HUMAN	IGKV3-20	116	false	false	Homo sapiens	Immunoglobulin kappa variable 3-20	1:Experimental evidence at protein level	27.59	0.9978	0.9990	0.00000000000000	3	1	3	4	1	4	     0	     0	     0			
sp|P33151|CADH5_HUMAN	P33151	CADH5_HUMAN	CDH5	784	false	false	Homo sapiens	Cadherin-5	1:Experimental evidence at protein level	5.10	0.9969	0.9903	0.00000000000000	3	3	3	3	3	3	     0	     0	     0			
sp|A0A0B4J1V6|HV373_HUMAN	A0A0B4J1V6	HV373_HUMAN	IGHV3-73	119	false	false	Homo sapiens	Immunoglobulin heavy variable 3-73	1:Experimental evidence at protein level	33.61	0.9957	0.9943	0.00000000000000	5	1	1	6	2	2	     0	     0	     0			
sp|P0DOY2|IGLC2_HUMAN	P0DOY2	IGLC2_HUMAN	IGLC2	106	false	false	Homo sapiens	Immunoglobulin lambda constant 2	1:Experimental evidence at protein level	82.08	0.9948	0.9990	0.00000000000000	6	0	2	10	0	3	     0	     0	     0			sp|P0DOY3|IGLC3_HUMAN
sp|A0A0B4J1V2|HV226_HUMAN	A0A0B4J1V2	HV226_HUMAN	IGHV2-26	119	false	false	Homo sapiens	Immunoglobulin heavy variable 2-26	1:Experimental evidence at protein level	17.65	0.9938	0.9968	0.00000000000000	2	2	2	2	2	2	     0	     0	     0			
sp|P08571|CD14_HUMAN	P08571	CD14_HUMAN	CD14	375	false	false	Homo sapiens	Monocyte differentiation antigen CD14	1:Experimental evidence at protein level	10.40	0.9935	0.9768	0.00000000000000	2	2	2	2	2	2	     0	     0	     0			
sp|A0A075B6P5|KV228_HUMAN	A0A075B6P5	KV228_HUMAN	IGKV2-28	120	false	false	Homo sapiens	Immunoglobulin kappa variable 2-28	3:Protein inferred from homology	16.67	0.9928	0.9990	0.00000000000000	2	0	2	2	0	2	     0	     0	     0			sp|A0A087WW87|KV240_HUMAN, sp|P01614|KVD40_HUMAN, sp|P01615|KVD28_HUMAN
sp|A0A075B6I0|LV861_HUMAN	A0A075B6I0	LV861_HUMAN	IGLV8-61	122	false	false	Homo sapiens	Immunoglobulin lambda variable 8-61	1:Experimental evidence at protein level	14.75	0.9926	0.9778	0.00000000000000	2	2	2	2	2	2	     0	     0	     0			
sp|Q9UGM5|FETUB_HUMAN	Q9UGM5	FETUB_HUMAN	FETUB	382	false	false	Homo sapiens	Fetuin-B	1:Experimental evidence at protein level	7.33	0.9923	0.9647	0.00000000000000	3	3	3	3	3	3	     0	     0	     0			
sp|O75636|FCN3_HUMAN	O75636	FCN3_HUMAN	FCN3	299	false	false	Homo sapiens	Ficolin-3	1:Experimental evidence at protein level	8.03	0.9887	0.9982	0.00000000000000	2	2	2	2	2	2	     0	     0	     0			
sp|A0A0B4J1X5|HV374_HUMAN	A0A0B4J1X5	HV374_HUMAN	IGHV3-74	117	false	false	Homo sapiens	Immunoglobulin heavy variable 3-74	1:Experimental evidence at protein level	43.59	0.9886	0.9976	0.00000000000000	5	2	3	6	2	4	     0	     0	     0			
sp|P55058|PLTP_HUMAN	P55058	PLTP_HUMAN	PLTP	493	false	false	Homo sapiens	Phospholipid transfer protein	1:Experimental evidence at protein level	5.88	0.9885	0.9938	0.00000000000000	2	2	2	2	2	2	     0	     0	     0			
sp|P01780|HV307_HUMAN	P01780	HV307_HUMAN	IGHV3-7	117	false	false	Homo sapiens	Immunoglobulin heavy variable 3-7	1:Experimental evidence at protein level	38.46	0.9871	0.9916	0.00000000000000	5	2	3	6	2	3	     0	     0	     0	9C(57.0214)		
sp|P0DJI8|SAA1_HUMAN	P0DJI8	SAA1_HUMAN	SAA1	122	false	false	Homo sapiens	Serum amyloid A-1 protein	1:Experimental evidence at protein level	23.77	0.9821	0.9964	0.00000000000000	2	1	2	2	1	2	     0	     0	     0			
sp|A0A075B6S5|KV127_HUMAN	A0A075B6S5	KV127_HUMAN	IGKV1-27	117	false	false	Homo sapiens	Immunoglobulin kappa variable 1-27	1:Experimental evidence at protein level	13.68	0.9790	0.9985	0.00000000000000	1	0	1	1	0	1	     0	     0	     0			sp|A0A0C4DH67|KV108_HUMAN, sp|A0A0C4DH69|KV109_HUMAN
sp|A0A0B4J1Y9|HV372_HUMAN	A0A0B4J1Y9	HV372_HUMAN	IGHV3-72	119	false	false	Homo sapiens	Immunoglobulin heavy variable 3-72	1:Experimental evidence at protein level	35.29	0.9782	0.9848	0.00000000000000	5	2	2	5	2	2	     0	     0	     0			
sp|Q92820|GGH_HUMAN	Q92820	GGH_HUMAN	GGH	318	false	false	Homo sapiens	Gamma-glutamyl hydrolase	1:Experimental evidence at protein level	5.97	0.9701	0.9923	0.00000000000000	2	2	2	2	2	2	     0	     0	     0			
sp|A0A0C4DH31|HV118_HUMAN	A0A0C4DH31	HV118_HUMAN	IGHV1-18	117	false	false	Homo sapiens	Immunoglobulin heavy variable 1-18	1:Experimental evidence at protein level	23.93	0.9678	0.9954	0.00000000000000	2	1	2	2	1	2	     0	     0	     0	9C(57.0214)		
sp|P22891|PROZ_HUMAN	P22891	PROZ_HUMAN	PROZ	400	false	false	Homo sapiens	Vitamin K-dependent protein Z	1:Experimental evidence at protein level	4.50	0.9676	0.9889	0.00000000000000	2	2	2	2	2	2	     0	     0	     0			
sp|A0A0B4J1U7|HV601_HUMAN	A0A0B4J1U7	HV601_HUMAN	IGHV6-1	121	false	false	Homo sapiens	Immunoglobulin heavy variable 6-1	1:Experimental evidence at protein level	13.22	0.9647	0.9772	0.00000000000000	2	2	2	2	2	2	     0	     0	     0			
sp|Q14520|HABP2_HUMAN	Q14520	HABP2_HUMAN	HABP2	560	false	false	Homo sapiens	Factor VII-activating protease	1:Experimental evidence at protein level	6.79	0.9593	0.9661	0.00000000000000	3	3	3	3	3	3	     0	     0	     0			
sp|P01764|HV323_HUMAN	P01764	HV323_HUMAN	IGHV3-23	117	false	false	Homo sapiens	Immunoglobulin heavy variable 3-23	1:Experimental evidence at protein level	43.59	0.9541	0.9956	0.00000000000000	4	1	2	5	1	2	     0	     0	     0	9C(57.0214)		
sp|P06310|KV230_HUMAN	P06310	KV230_HUMAN	IGKV2-30	120	false	false	Homo sapiens	Immunoglobulin kappa variable 2-30	1:Experimental evidence at protein level	16.67	0.9496	0.9963	0.00000000000000	2	1	1	2	1	1	     0	     0	     0			
sp|A0A087WSY6|KVD15_HUMAN	A0A087WSY6	KVD15_HUMAN	IGKV3D-15	115	false	false	Homo sapiens	Immunoglobulin kappa variable 3D-15	1:Experimental evidence at protein level	26.09	0.9487	0.9897	0.00000000000000	3	1	3	3	1	3	     0	     0	     0			
sp|P01704|LV214_HUMAN	P01704	LV214_HUMAN	IGLV2-14	120	false	false	Homo sapiens	Immunoglobulin lambda variable 2-14	1:Experimental evidence at protein level	13.33	0.9475	0.9962	0.00000000000000	1	1	1	1	1	1	     0	     0	     0			
sp|Q15582|BGH3_HUMAN	Q15582	BGH3_HUMAN	TGFBI	683	false	false	Homo sapiens	Transforming growth factor-beta-induced protein ig-h3	1:Experimental evidence at protein level	4.54	0.9437	0.9842	0.00000000000000	2	2	2	2	2	2	     0	     0	     0			
sp|P48740|MASP1_HUMAN	P48740	MASP1_HUMAN	MASP1	699	false	false	Homo sapiens	Mannan-binding lectin serine protease 1	1:Experimental evidence at protein level	5.44	0.9317	0.9485	0.00947867298578	3	2	2	3	2	2	     0	     0	     0			
sp|P01602|KV105_HUMAN	P01602	KV105_HUMAN	IGKV1-5	117	false	false	Homo sapiens	Immunoglobulin kappa variable 1-5	1:Experimental evidence at protein level	9.40	0.9179	0.9938	0.00000000000000	1	1	1	1	1	1	     0	     0	     0			
sp|P23083|HV102_HUMAN	P23083	HV102_HUMAN	IGHV1-2	117	false	false	Homo sapiens	Immunoglobulin heavy variable 1-2	1:Experimental evidence at protein level	20.51	0.9133	0.9935	0.00000000000000	2	1	1	2	1	1	     0	     0	     0			
sp|A0A0A0MRZ8|KVD11_HUMAN	A0A0A0MRZ8	KVD11_HUMAN	IGKV3D-11	115	false	false	Homo sapiens	Immunoglobulin kappa variable 3D-11	3:Protein inferred from homology	7.83	0.9057	0.9928	0.00000000000000	1	0	1	1	0	1	     0	     0	     0			sp|P04433|KV311_HUMAN
sp|Q04756|HGFA_HUMAN	Q04756	HGFA_HUMAN	HGFAC	655	false	false	Homo sapiens	Hepatocyte growth factor activator serine protease	1:Experimental evidence at protein level	3.51	0.9057	0.9714	0.00000000000000	2	2	2	2	2	2	     0	     0	     0			
sp|P02654|APOC1_HUMAN	P02654	APOC1_HUMAN	APOC1	83	false	false	Homo sapiens	Apolipoprotein C-I	1:Experimental evidence at protein level	13.25	0.8915	0.9916	0.00000000000000	1	1	1	1	1	1	     0	     0	     0			
sp|P04180|LCAT_HUMAN	P04180	LCAT_HUMAN	LCAT	440	false	false	Homo sapiens	Phosphatidylcholine-sterol acyltransferase	1:Experimental evidence at protein level	5.68	0.8900	0.9841	0.00000000000000	2	2	2	2	2	2	     0	     0	     0			
sp|A0A0C4DH25|KVD20_HUMAN	A0A0C4DH25	KVD20_HUMAN	IGKV3D-20	116	false	false	Homo sapiens	Immunoglobulin kappa variable 3D-20	1:Experimental evidence at protein level	27.59	0.8894	0.9673	0.00000000000000	3	1	1	4	1	1	     0	     0	     0			
sp|Q9HDC9|APMAP_HUMAN	Q9HDC9	APMAP_HUMAN	APMAP	416	false	false	Homo sapiens	Adipocyte plasma membrane-associated protein	1:Experimental evidence at protein level	4.57	0.8704	0.9769	0.00000000000000	2	2	2	2	2	2	     0	     0	     0			
sp|P01624|KV315_HUMAN	P01624	KV315_HUMAN	IGKV3-15	115	false	false	Homo sapiens	Immunoglobulin kappa variable 3-15	1:Experimental evidence at protein level	26.09	0.8624	0.9895	0.00000000000000	3	0	1	3	0	1	     0	     0	     0			
sp|Q92496|FHR4_HUMAN	Q92496	FHR4_HUMAN	CFHR4	578	false	false	Homo sapiens	Complement factor H-related protein 4	1:Experimental evidence at protein level	4.84	0.8341	0.9635	0.00000000000000	2	1	2	2	1	2	     0	     0	     0			
sp|A0M8Q6|IGLC7_HUMAN	A0M8Q6	IGLC7_HUMAN	IGLC7	106	false	false	Homo sapiens	Immunoglobulin lambda constant 7	1:Experimental evidence at protein level	50.94	0.8040	0.9379	0.00947867298578	3	1	1	5	1	1	     0	     0	     0	5C(57.0214)		
sp|P02741|CRP_HUMAN	P02741	CRP_HUMAN	CRP	224	false	false	Homo sapiens	C-reactive protein	1:Experimental evidence at protein level	4.46	0.7834	0.9812	0.00000000000000	1	1	1	1	1	1	     0	     0	     0			
sp|P07477|TRY1_HUMAN	P07477	TRY1_HUMAN	PRSS1	247	false	false	Homo sapiens	Serine protease 1	1:Experimental evidence at protein level	8.10	0.7636	0.9789	0.00000000000000	1	0	1	1	0	1	     0	     0	     0			sp|P07478|TRY2_HUMAN, sp|Q8NHM4|TRY6_HUMAN
sp|A0A075B6I9|LV746_HUMAN	A0A075B6I9	LV746_HUMAN	IGLV7-46	117	false	false	Homo sapiens	Immunoglobulin lambda variable 7-46	1:Experimental evidence at protein level	7.69	0.7444	0.9767	0.00000000000000	1	0	1	1	0	1	     0	     0	     0			sp|P04211|LV743_HUMAN
sp|P00918|CAH2_HUMAN	P00918	CAH2_HUMAN	CA2	260	false	false	Homo sapiens	Carbonic anhydrase 2	1:Experimental evidence at protein level	9.62	0.7160	0.9399	0.00947867298578	2	2	2	2	2	2	     0	     0	     0			
sp|P01701|LV151_HUMAN	P01701	LV151_HUMAN	IGLV1-51	117	false	false	Homo sapiens	Immunoglobulin lambda variable 1-51	1:Experimental evidence at protein level	6.84	0.7008	0.9712	0.00000000000000	1	1	1	1	1	1	     0	     0	     0			
sp|P16070|CD44_HUMAN	P16070	CD44_HUMAN	CD44	742	false	false	Homo sapiens	CD44 antigen	1:Experimental evidence at protein level	1.62	0.6898	0.9697	0.00000000000000	1	1	1	1	1	1	     0	     0	     0			
sp|A0A0C4DH35|HV335_HUMAN	A0A0C4DH35	HV335_HUMAN	IGHV3-35	117	false	false	Homo sapiens	Probable non-functional immunoglobulin heavy variable 3-35	1:Experimental evidence at protein level	9.40	0.6839	0.9689	0.00000000000000	1	1	1	1	1	1	     0	     0	     0	9C(57.0214)		
sp|Q9NR34|MA1C1_HUMAN	Q9NR34	MA1C1_HUMAN	MAN1C1	630	false	false	Homo sapiens	Mannosyl-oligosaccharide 1,2-alpha-mannosidase IC	1:Experimental evidence at protein level	1.27	0.6804	0.9684	0.00000000000000	1	1	1	1	1	1	     0	     0	     0			
sp|P01706|LV211_HUMAN	P01706	LV211_HUMAN	IGLV2-11	119	false	false	Homo sapiens	Immunoglobulin lambda variable 2-11	1:Experimental evidence at protein level	13.45	0.6693	0.9506	0.00495049504950	2	1	2	2	1	2	     0	     0	     0			
sp|A0A0J9YX35|HV64D_HUMAN	A0A0J9YX35	HV64D_HUMAN	IGHV3-64D	117	false	false	Homo sapiens	Immunoglobulin heavy variable 3-64D	1:Experimental evidence at protein level	15.38	0.6184	0.9589	0.00000000000000	2	1	1	2	1	1	     0	     0	     0			
sp|P24592|IBP6_HUMAN	P24592	IBP6_HUMAN	IGFBP6	240	false	false	Homo sapiens	Insulin-like growth factor-binding protein 6	1:Experimental evidence at protein level	6.25	0.6108	0.9576	0.00000000000000	1	1	1	1	1	1	     0	     0	     0			
sp|Q6UXB8|PI16_HUMAN	Q6UXB8	PI16_HUMAN	PI16	463	false	false	Homo sapiens	Peptidase inhibitor 16	1:Experimental evidence at protein level	5.18	0.5874	0.9535	0.00495049504950	2	2	2	2	2	2	     0	     0	     0			
sp|O00391|QSOX1_HUMAN	O00391	QSOX1_HUMAN	QSOX1	747	false	false	Homo sapiens	Sulfhydryl oxidase 1	1:Experimental evidence at protein level	1.34	0.5798	0.9521	0.00495049504950	1	1	1	1	1	1	     0	     0	     0			
sp|P08294|SODE_HUMAN	P08294	SODE_HUMAN	SOD3	240	false	false	Homo sapiens	Extracellular superoxide dismutase [Cu-Zn]	1:Experimental evidence at protein level	3.33	0.5721	0.9506	0.00495049504950	1	1	1	1	1	1	     0	     0	     0			
sp|P14151|LYAM1_HUMAN	P14151	LYAM1_HUMAN	SELL	372	false	false	Homo sapiens	L-selectin	1:Experimental evidence at protein level	2.15	0.5660	0.9494	0.00495049504950	1	1	1	1	1	1	     0	     0	     0			
sp|P13796|PLSL_HUMAN	P13796	PLSL_HUMAN	LCP1	627	false	false	Homo sapiens	Plastin-2	1:Experimental evidence at protein level	3.99	0.5194	0.9396	0.00947867298578	1	1	1	1	1	1	     0	     0	     0			
sp|P01709|LV208_HUMAN	P01709	LV208_HUMAN	IGLV2-8	118	false	false	Homo sapiens	Immunoglobulin lambda variable 2-8	1:Experimental evidence at protein level	13.56	0.5038	0.9360	0.00947867298578	2	1	1	2	1	1	     0	     0	     0			
sp|Q96L96|ALPK3_HUMAN	Q96L96	ALPK3_HUMAN	ALPK3	1705	false	false	Homo sapiens	Alpha-protein kinase 3	1:Experimental evidence at protein level	0.65	0.4928	0.9333	0.00947867298578	1	1	1	1	1	1	     0	     0	     0	7C(57.0214)		
sp|Q15848|ADIPO_HUMAN	Q15848	ADIPO_HUMAN	ADIPOQ	244	false	false	Homo sapiens	Adiponectin	1:Experimental evidence at protein level	6.15	0.4525	0.9225	0.00947867298578	1	1	1	1	1	1	     0	     0	     0			
sp|P55056|APOC4_HUMAN	P55056	APOC4_HUMAN	APOC4	127	false	false	Homo sapiens	Apolipoprotein C-IV	1:Experimental evidence at protein level	7.09	0.4461	0.9206	0.00947867298578	1	1	1	1	1	1	     0	     0	     0			
sp|P05783|K1C18_HUMAN	P05783	K1C18_HUMAN	KRT18	430	false	false	Homo sapiens	Keratin, type I cytoskeletal 18	1:Experimental evidence at protein level	4.42	0.4407	0.9190	0.00947867298578	1	1	1	1	1	1	     0	     0	     0			
sp|A0A0B4J1V1|HV321_HUMAN	A0A0B4J1V1	HV321_HUMAN	IGHV3-21	117	false	false	Homo sapiens	Immunoglobulin heavy variable 3-21	1:Experimental evidence at protein level	24.79	0.0000	0.9977	0.00000000000000	3	0	1	4	0	2	     0	     0	     0			sp|P01762|HV311_HUMAN, sp|P01763|HV348_HUMAN
